user_id,session_id,song_id,song_title,artist,timestamp,device_type,location,user_age,subscription_type
d0d2e776-d3a8-419d-906c-8eddd1f21910,8f6469d5-8321-44b5-807c-c8ce771f35d7,S001,Customer-focused even-keeled orchestration,Jasmine Wright,2025-01-20 20:16:17,Mobile,"Weavermouth, BJ",45,Family
1277e497-07af-4278-a35f-c1312ab2a175,052fe19b-3bc8-435a-a40c-6f367c3ac8eb,S002,Seamless systematic forecast,Peter Parker,2025-01-03 09:39:50,Desktop,"Johnsontown, GN",40,Family
b3942d23-6a73-4bd5-b5f5-332731d8a003,987870dc-db08-4ac6-bf34-4e009d6e93eb,S003,Triple-buffered solution-oriented definition,Judy Green,2025-01-07 10:19:45,Mobile,"Lewisberg, CO",28,Family
3f16a7dd-da13-4471-9ec6-7e6a191b2a64,b88b3135-58d8-46e9-9425-3a26166ee842,S004,Cross-group neutral artificial intelligence,Joseph Walton,2025-01-08 02:17:32,Desktop,"Myerstown, ML",34,Family
a30b70dc-dce8-44c5-a172-5bb83327e8d4,eaab1b36-7536-40f5-8b2f-4ed605942084,S005,Optimized heuristic moratorium,Robert Marquez,2025-01-07 12:32:12,Tablet,"New Michael, TH",23,Family
cd54d2f7-a5e3-4a6a-a5eb-5b23bc0de256,132f4c5e-b1c8-42b8-bf26-a520a32b8fd5,S006,Extended scalable customer loyalty,Carlos Gray,2025-01-04 03:08:42,Mobile,"Brenthaven, AU",19,Premium
dff06dba-a490-4ea7-952f-9bd160b83a30,d963a9bf-4f0a-49b0-b230-d0a67ffd1a98,S007,Configurable exuding flexibility,Sierra Bennett,2025-01-22 05:18:39,Mobile,"Port Michaelstad, ES",63,Premium
b14f1b72-a26b-4c61-8bc6-9d4d607845ef,ce9b8f67-631a-4f96-8267-9dd4f3032152,S008,Streamlined didactic open system,Daniel Blake,2025-01-03 09:43:39,Tablet,"Gloriaside, JO",63,Family
e4a905a9-959f-4f57-b258-2016c1460c48,a563c27f-5702-4b45-8715-9d51f2e7e1c2,S009,Ameliorated grid-enabled parallelism,William Bailey,2025-01-22 18:35:41,Tablet,"New Melissa, LB",41,Family
a82c41d6-bef7-4a19-a176-86177b8d1bfd,63884715-3f8c-4413-95e9-6f7e54413c1f,S010,Self-enabling stable implementation,Frederick Jones,2025-01-13 04:05:43,Desktop,"West Sarafort, BI",57,Free
d6f03592-791e-4665-aad0-0a88965b60d3,50869d9f-bdda-4999-b701-f47c39040eef,S011,Total client-driven portal,Jamie Walker,2025-01-03 11:03:23,Tablet,"Leeside, GY",46,Free
3c84c45a-4101-441d-beaa-244f39ea0068,1aedf9db-d357-45f9-abc6-34f0fc868772,S012,Advanced full-range monitoring,Jessica Maldonado,2025-01-18 16:56:15,Mobile,"New Erika, SM",54,Free
ad3fa100-53b4-4b3d-bc24-12ba248d0f10,dbcfa7dc-3b0d-4de1-8959-345d7860a3f9,S013,Reduced content-based array,Daniel Murray,2025-01-20 15:28:47,Tablet,"Mathewsview, TH",28,Free
904db874-2d96-46c9-bfcd-4d259a247bb7,41daebe9-ccef-469f-8740-c600cdf8507c,S014,Secured interactive open architecture,Jacob Parks,2025-01-17 15:58:10,Desktop,"East Michael, IE",54,Family
1c37fdff-e24c-46c7-b77f-2ffeacbaf829,82ca3dae-b51a-4f0d-96eb-8c4724504228,S015,Multi-lateral zero administration database,Heather Mathis,2025-01-01 13:56:44,Tablet,"Carterville, FI",20,Family
f337f6cc-9fe4-4e87-9bcb-7ef340230a7b,0a04229f-2743-4ec1-ab14-c107bc57c275,S016,Inverse optimal alliance,Maria Bauer,2025-01-20 08:12:12,Mobile,"Reedberg, AG",40,Family
82160ace-9005-4dce-8184-20fbf423a0ee,2ae31f0d-dfc9-4cdc-8332-f9e53add9d26,S017,Balanced optimal service-desk,Stephanie Neal,2025-01-20 09:27:06,Desktop,"East Caitlinbury, TM",47,Free
c585a9ba-c097-4add-bd8d-3696a8148a89,2342bfdd-cc72-4a47-a74f-2be6f8d0edc5,S018,Seamless web-enabled Local Area Network,Sandra Porter,2025-01-26 07:22:57,Tablet,"Townsendshire, NR",52,Free
0d58b7bc-fdf1-4409-b990-91e14d0b42c4,f2a1822f-33f9-41c7-9243-e1e8817bfd0d,S019,Automated motivating knowledgebase,Danielle Gardner,2025-01-20 14:21:01,Mobile,"North Kariview, SZ",59,Family
ef12c033-2e36-434e-ba87-4e4ae48352eb,0d1858a9-9a8f-467b-8d4f-835edde7d1c0,S020,Down-sized needs-based productivity,Douglas Elliott,2025-01-07 18:49:01,Desktop,"Lake Cindytown, MA",64,Premium
7006198f-041c-4c5e-9bb5-5e6394ceac5a,ee5a078a-502a-41c6-bef8-330ac1b86257,S021,Fully-configurable optimal synergy,Jerry Franco,2025-01-15 08:37:57,Desktop,"New Jason, FM",18,Free
a78fc0c0-6103-42d3-bc99-4f0aab8e1787,9f251636-138a-4eeb-84ba-1b0fe3e5f526,S022,Organic web-enabled info-mediaries,Zachary Kelly,2025-01-03 19:32:09,Tablet,"West Ernestchester, NE",49,Free
36b68e4f-dcc6-4a0b-8c3b-9990a5eca17f,ccac33d5-4984-4dc8-a5bd-f1243f600529,S023,Synergized heuristic toolset,Christopher Harper,2025-01-22 16:01:49,Desktop,"South Dennis, UY",18,Premium
70e5cbbc-8712-40f2-9dd1-56aebc6f2acf,d1f0fa1d-08e5-47f3-b8d4-aa108ec367d7,S024,Multi-layered scalable initiative,Ashley Hale,2025-01-05 08:28:04,Desktop,"Berryburgh, NI",37,Free
4b510abf-2fa9-41f1-8dd1-df2011fc15f2,665ec2fb-37b1-47b1-b118-f60d5a13db85,S025,Customer-focused composite concept,Marie Boone,2025-01-01 06:30:43,Mobile,"Brandonchester, GY",34,Premium
8ab18316-8dd0-47e5-a7ed-c5ab83dca678,18f40111-3f49-4c65-962d-702f060c09b6,S026,Re-engineered 24/7 success,Victoria Hall,2025-01-23 14:28:18,Tablet,"South Christine, AG",23,Premium
31cb212a-6dcc-4ce2-b5ea-5d7753e2c0da,ef0ae34f-b0fc-4dad-a16b-82f022651557,S027,Proactive well-modulated definition,Mackenzie Davis,2025-01-04 10:43:54,Desktop,"Lake Stanleyton, EC",30,Family
2f577491-f02f-434a-b1c6-4aa0bf8d10f2,9bf8e907-c270-4699-aacb-d10ac7c2e37c,S028,Triple-buffered user-facing secured line,Brittany Alexander,2025-01-13 14:24:53,Mobile,"Justinchester, NO",36,Free
66e87e85-36fb-43a5-ab49-5620df023c7e,9ffff334-be53-4f9b-a0be-8c41bdf653bf,S029,Centralized reciprocal toolset,Jackson Mitchell,2025-01-26 13:54:58,Mobile,"East Keithshire, LC",33,Premium
b6337077-3e93-414b-a669-69df5d017aaa,e958fea0-b467-4ba9-8d67-1cffbb4bd2a5,S030,Optimized neutral matrices,Laura Church,2025-01-25 04:24:48,Desktop,"Colemanmouth, IN",39,Premium
2d25f97e-06ab-4c8b-bbca-2f0af104d328,54f5a317-36d4-4587-ad66-aec15cf7e438,S031,Synergistic heuristic emulation,Matthew Sanchez,2025-01-15 16:57:48,Desktop,"South Denisebury, SG",38,Free
abafb1bd-d5f5-4e24-930d-4bf90ab3becb,2fc097d5-a186-4e0d-98c1-afcd086e5151,S032,Stand-alone reciprocal Graphical User Interface,Stephanie White,2025-01-26 05:07:39,Tablet,"Julianstad, AG",60,Free
e9f33cf0-b789-424b-a55b-0e98c12e7909,65842abb-6ba2-4a74-bf3c-15eb6ee05c72,S033,Reactive impactful software,Matthew Williams,2025-01-01 07:36:50,Mobile,"South Jason, NZ",57,Family
d2ea5ad2-4101-4b38-91a7-c22344312fed,c5a58d43-8c63-4580-8fad-aa8cd44b016d,S034,Multi-layered static paradigm,Katherine Joseph,2025-01-05 20:04:17,Desktop,"Port Jeremyburgh, TG",43,Premium
29434a57-3905-4e12-8d35-6d53e871ede5,7d27643a-47bc-43e0-8ad1-2b5b8d2d7fc5,S035,Future-proofed content-based matrices,Brandon Richardson,2025-01-20 15:56:48,Tablet,"Novakview, GD",38,Premium
4453e0ef-b957-40ce-96f5-f15bba1832b8,9c815b5d-7439-4aa6-bbbc-20f880e50a24,S036,Mandatory explicit open system,Tracy Miranda,2025-01-11 01:39:22,Desktop,"New Dennis, ST",32,Premium
8e0697a1-2c5a-47d2-8874-06377152b165,7045ef01-2821-4504-8e12-ee867c2d3363,S037,Customer-focused mobile complexity,Megan Schneider,2025-01-21 22:52:21,Mobile,"West Debbieborough, SO",39,Family
cb75af12-8639-4a57-8424-cfd0ef3328dd,1233aa53-0d11-46aa-8281-8d638d29e001,S038,Optimized attitude-oriented frame,Erin Newton,2025-01-10 10:42:49,Tablet,"Shannonburgh, LC",51,Free
52871f7e-7714-4077-89c8-d2fca9cf39d8,f853d708-779f-4a89-8d8e-459f43fa9584,S039,Seamless fault-tolerant approach,Christopher Brown,2025-01-11 08:40:56,Desktop,"Chambersburgh, GT",41,Premium
6a7c3201-a8d2-404a-8f1a-b190823b46b8,e0a4c992-1f90-4b7d-a2fa-a2e8a7741cd1,S040,Distributed hybrid benchmark,Mark Fisher,2025-01-28 06:36:46,Tablet,"Gilbertstad, MZ",34,Premium
63a3a959-5122-4419-bc72-4bc6cb4b749d,09963119-616d-456e-aa21-50428ab437d0,S041,Business-focused well-modulated complexity,Joe Evans,2025-01-19 06:37:38,Tablet,"Reynoldsside, IR",30,Family
ca5f021c-c085-488a-8637-c4d3bb762e0c,8c21f2fc-a35b-4024-8416-74f1958e7fd6,S042,Ergonomic mobile moderator,Philip Hayes,2025-01-15 20:34:55,Tablet,"Jessicastad, NL",28,Family
6d6076a1-4388-44f6-8669-94592345533d,57c2a065-da6f-4992-9751-3a469c7c9e74,S043,Adaptive full-range architecture,Robert Gentry,2025-01-24 08:08:08,Desktop,"North Mitchellfurt, AM",64,Free
d9d3d3c0-bae2-4671-ac45-97028206b7f8,420efcb6-8b32-4841-b137-143e041791a1,S044,Programmable responsive standardization,Nicholas Ramirez,2025-01-09 13:04:34,Desktop,"Osbornetown, LU",24,Premium
4896b88c-9661-4873-a712-c6b4c7f1b245,102453c3-58de-41e5-b18c-c7dcfdd3b8a3,S045,Progressive user-facing knowledge user,Michelle Dickson,2025-01-06 21:41:11,Tablet,"Robinsonmouth, MC",28,Free
a05242d1-bb12-4e25-b190-06ef53db3785,3c441f4c-44cc-4e28-9cd9-87f7560aad43,S046,Cloned 24/7 synergy,Janet Smith,2025-01-25 09:48:44,Tablet,"Lake Alexanderfort, LT",42,Premium
b71281fc-2fa7-4ea2-b6d8-bb5a4f5ab682,37fbb30a-6e99-40b7-b9dc-902eb839837c,S047,Streamlined foreground superstructure,Kelly Dickerson,2025-01-19 06:58:14,Desktop,"North Michael, TV",32,Free
00bf2e5e-cd98-4d03-a256-ad9184114249,30c1961d-72a4-45fc-aa90-fc472db1d86c,S048,Progressive demand-driven parallelism,Ashley Sanchez,2025-01-18 06:19:59,Desktop,"New David, JP",34,Family
0813d045-0ea1-434e-87d5-1f69ec22b485,b3478d21-bb62-40c5-9394-f0206b4e5be5,S049,Centralized reciprocal forecast,Rebecca Sullivan,2025-01-22 09:58:30,Desktop,"Erinburgh, AL",24,Family
3762c1b8-665d-4eee-9b6d-b9ac754783ff,271ae3bf-c5c4-415a-acb8-8e43263566f5,S050,Function-based heuristic groupware,Lauren Gutierrez,2025-01-13 03:34:57,Mobile,"Knightburgh, SG",22,Free
6c6fe01c-2de1-4880-88ff-e29beebc6cd2,667cba07-dc0c-43ae-b759-09c0c7382c8a,S051,De-engineered holistic definition,Kaitlyn Harvey,2025-01-17 22:19:10,Mobile,"Port Carlburgh, MR",28,Free
e08d6f83-5593-4906-b968-57ba1c7c105b,580ccde3-fb13-4aee-a9d9-36e0e088bd28,S052,Universal cohesive success,Kimberly Maldonado,2025-01-23 23:34:10,Mobile,"East Joanborough, CD",32,Free
b904190c-a60c-403e-be04-b55b209c7812,3e26143e-b5d9-4322-9041-5df864a12346,S053,Open-source optimizing process improvement,Daniel Webster,2025-01-13 21:16:24,Desktop,"Marcusfort, UY",65,Free
0b5a4a10-b569-451b-af40-165a87385b30,b730e5a3-045e-4a65-a1d8-02387b48873f,S054,Reduced holistic portal,Yolanda Perkins,2025-01-28 15:38:31,Desktop,"Valentineside, MV",65,Premium
14edd807-c1fa-4143-be3e-c10819d3c545,4d1637ff-1623-49e2-b1a6-0bffa1340c2d,S055,Focused tangible core,Stacey Robinson,2025-01-01 10:06:10,Tablet,"Banksburgh, PT",58,Family
291fa618-549b-422d-b2e0-4d1ce62873f4,eaae6f20-cfb4-41d9-8ac3-39387eda6862,S056,Operative bottom-line circuit,Brian Aguirre,2025-01-14 16:38:38,Tablet,"West Jason, LC",26,Family
7bfc7db4-c829-4624-be60-b0c3ea248f09,ce7f1b2e-c868-4279-b249-1208aea6682b,S057,Synergistic methodical hardware,Ana Ho,2025-01-11 22:53:04,Mobile,"Lake Laurashire, LB",58,Free
4ae68f29-11fa-46c7-b8a1-ffd8dc140787,4eabe894-02ce-45c4-b315-a082a12f536a,S058,Devolved high-level function,Bruce Ramos,2025-01-13 10:13:43,Tablet,"Nielsentown, TG",29,Family
5f610dd9-9a3f-460d-9cd3-e783d1ba47c4,3a0411b6-1ad9-4aad-9c02-01a4490c5fa7,S059,Persistent solution-oriented circuit,Kevin Baker,2025-01-20 01:11:44,Desktop,"North Amandafort, PW",31,Family
d7ee358c-e0fc-4308-a46e-50c0b4feaedf,821d7670-fd3b-4485-a67d-245b2baea71c,S060,Re-contextualized object-oriented monitoring,Benjamin Orozco,2025-01-09 01:35:08,Mobile,"Allenfurt, EG",44,Premium
725b3b71-29e0-4efe-a143-282361d743b8,b1c82d8b-8412-43b7-8bc2-14147c724063,S061,Reduced encompassing hub,Devon Anderson,2025-01-08 08:13:08,Desktop,"Douglasfurt, RS",48,Family
f6f2758e-c9eb-4259-ba67-0869a4291a00,a45ba0b9-ee52-49a7-90e9-c6e1fc258d1f,S062,De-engineered homogeneous flexibility,Kaitlyn Garcia,2025-01-05 03:20:18,Desktop,"Smithtown, ZW",24,Family
76b4e553-c77e-4ec4-a930-2deb1833add5,cf21a8f7-48f0-4a5f-b263-c6520ccc9a55,S063,Multi-tiered optimal time-frame,Richard Martin,2025-01-17 06:12:01,Mobile,"Deanstad, CI",60,Premium
b318237d-4e0f-41c8-aee7-49ccd9eaadf6,83836d46-ce26-4a2b-9c4b-d2131c3c2f27,S064,Enterprise-wide empowering instruction set,Katelyn Carroll,2025-01-22 16:44:03,Tablet,"Brianmouth, PK",49,Premium
02397d4c-8396-43ec-8937-29b989b59f8a,2c4ff4f6-feb6-4f04-9dc4-c7841ae3ad5c,S065,Ergonomic client-driven methodology,Matthew White,2025-01-15 00:02:07,Desktop,"Kellymouth, DK",24,Family
bd2a3b48-4b56-424b-95ec-a1be6fa3340f,3d85842a-a4a7-4757-8a61-f2f110901df5,S066,Devolved attitude-oriented standardization,Jeffrey Miller,2025-01-04 09:48:33,Tablet,"Pierceburgh, US",29,Premium
70c157b5-1ab8-44c3-9a21-14d5055b2d30,a6fb2d60-4055-46fd-9018-9c24631c78e3,S067,Enhanced neutral service-desk,Kevin Hicks,2025-01-07 20:53:45,Desktop,"New Michael, HT",35,Premium
d22641b2-b7d4-4c86-9974-ce11066cb1c9,51ced5a9-63ef-4682-8d73-a1217f31f769,S068,Managed web-enabled ability,Clifford Lara,2025-01-02 01:08:47,Desktop,"North Ryanberg, ZA",41,Free
9bf6f198-2c2f-492c-9472-6c983bc2c0f8,d1cda39a-fddc-47d7-98d3-bf0b7f563ed8,S069,Adaptive dynamic ability,Mary Harrison,2025-01-12 22:56:29,Desktop,"South Robertstad, BI",47,Premium
4bbe1d65-febc-4735-8a17-ad36d57e0a0d,88c91530-995c-4844-8838-e7ec2be67929,S070,Assimilated web-enabled system engine,Jose Jones,2025-01-02 06:08:34,Mobile,"Derekberg, VN",44,Family
51f832fe-a5fd-4d9c-8caa-3307160e8b6d,4748003a-b84e-4cc4-94a8-5466038bb836,S071,Balanced eco-centric contingency,Jeffrey Jenkins MD,2025-01-16 01:16:27,Mobile,"Lake Anthonyview, GD",43,Family
211ee61e-3d1a-4256-81d2-06fddbf657d5,66b32ef2-5010-487a-b2f5-e37c60a51ca5,S072,Realigned dynamic benchmark,Lauren Dunn,2025-01-06 15:55:45,Tablet,"North Melaniestad, NP",58,Premium
fc3f9ebc-e896-47b3-b33c-bc176860ff6e,61e521ab-4a5a-4a1f-897f-e3bef3294a79,S073,Fundamental dynamic conglomeration,Craig Vasquez,2025-01-28 22:04:00,Tablet,"Harrishaven, SY",33,Family
ec06533e-22d5-4bd0-930b-622344370b19,83291e3d-b90b-4cd9-baf0-bf32b414da35,S074,Robust systemic budgetary management,Brandon Barnes,2025-01-15 19:37:23,Mobile,"Stephensonhaven, LS",43,Premium
0efdbc35-b687-4629-9671-ebb586132769,eff70cc2-745c-40a5-b0d4-ec4945791b3b,S075,Business-focused background benchmark,Matthew Dillon,2025-01-07 19:58:45,Desktop,"Alexbury, PK",51,Family
eda1d1d8-efa7-46a5-97ed-28e343e051d0,cf7540dc-082d-428a-827e-b95aab5faabf,S076,Phased hybrid middleware,Shane Bennett,2025-01-01 17:34:29,Desktop,"Stephenland, SA",44,Free
df8cfe2d-5f2c-4c1e-9974-5511ef889aeb,a1ba6484-b2ef-4fe6-8649-d001f9905a6e,S077,Innovative 4thgeneration projection,James Smith,2025-01-02 04:02:21,Desktop,"Ralphport, MR",53,Free
8476c6d5-974e-4a3c-8f50-5b74e251a3ac,66b917fa-cc59-4bf1-9805-8fb274b18eae,S078,Multi-lateral reciprocal artificial intelligence,James Weaver,2025-01-18 00:36:49,Tablet,"Martinville, BB",26,Free
28621ff3-40c9-4d32-ba87-19d9fa5c68c8,63bff14f-c97b-4bb0-a5d0-9a49225f8aa5,S079,Robust 24/7 orchestration,Patrick Miller,2025-01-16 11:37:21,Desktop,"South Jose, BE",41,Family
f0bdc0c9-bc16-43a2-ab0d-89b2bdd88c67,c9036e96-6807-4e33-bf65-d0ba454e7ab4,S080,Reactive asymmetric extranet,Brandon West,2025-01-10 15:39:22,Tablet,"Annafurt, VA",31,Premium
be57573a-4b5e-456f-a744-4ad8296d424f,2a25a452-1ca4-4456-a8d5-baa8980e9da0,S081,Inverse systemic policy,Brandi Powers,2025-01-08 09:05:59,Tablet,"Jessicaville, HR",22,Premium
81c08c65-1dbb-4662-981d-c80dbe33bec4,8a1b95cc-abd9-4972-a61f-123d9fc9303c,S082,Persevering reciprocal matrix,Christopher James,2025-01-20 18:01:59,Mobile,"Deanburgh, ER",34,Family
ac8dd0dd-590c-4a01-8d8f-ebaf6c990bb4,bfc18176-7f8f-41a9-b024-04344e54c885,S083,Visionary bi-directional customer loyalty,Melissa Robinson,2025-01-01 19:36:30,Desktop,"Craigborough, VC",25,Free
166ae34b-2d21-4b9e-9374-5296d51fa84f,da4b0b49-97a1-4a77-b973-9b34906d3d5a,S084,Proactive leadingedge synergy,Linda Stevens,2025-01-25 08:06:26,Mobile,"Pricestad, VN",26,Premium
00538bd4-bcd9-4308-9c43-022d7af38ca8,e0513530-f6da-40be-95ce-3dd1ca858a2b,S085,Switchable 5thgeneration concept,Stephen Christensen,2025-01-04 15:44:38,Tablet,"East Williebury, EE",62,Premium
20f1b72b-7635-4c8e-93a4-13af48ddaad2,2d97ce88-a573-4108-b69e-42479bf31dfb,S086,Advanced multi-tasking paradigm,Jay Blevins,2025-01-07 09:51:09,Tablet,"Mossborough, BI",32,Premium
06fdfd9f-5be1-4065-bc6a-705d621ea6c8,e99e072a-90f2-45f9-8aa7-7a4260bb4739,S087,Optional background secured line,Kyle Williams,2025-01-28 08:08:53,Desktop,"West Melissa, ML",36,Free
44bbdeaa-8483-4781-9c2e-5a1efc4cc63c,0c539202-6ee6-4bf1-b657-dd459116129b,S088,Grass-roots eco-centric array,Kyle Hudson,2025-01-26 18:58:33,Desktop,"Hillview, SA",39,Premium
87ec4a3b-037d-4fbf-bf74-5c15638fa9e0,f327c662-af1d-4e97-93c6-96cd921bd377,S089,Upgradable non-volatile groupware,William Mcdonald,2025-01-13 09:38:41,Mobile,"Coxport, TZ",27,Free
0c39688c-eb7b-4abc-baf0-f324c520d57c,aa11bb3c-d8e9-4c8a-91a4-0f0501da3a11,S090,Integrated systematic website,John Rogers,2025-01-17 22:59:40,Tablet,"East Barbarastad, AM",59,Family
3679eae2-47ea-4671-b416-780c52ced578,ff70e18f-b6cb-438a-a18e-3ae1cb0a493e,S091,Proactive asynchronous ability,Ryan Chase,2025-01-08 20:24:43,Mobile,"South Roberto, CG",30,Family
384f644f-7d8b-415b-a041-abccfeeb7d9b,c1194424-74f6-4071-a840-467150ec3d29,S092,User-friendly demand-driven protocol,Jessica Floyd,2025-01-12 01:58:26,Mobile,"Tonyville, DE",49,Premium
19d9a1a3-7eff-4915-911c-20ee6d5be493,41852344-9ce9-4607-923e-f5b635079749,S093,Triple-buffered well-modulated complexity,Mary Terry,2025-01-19 20:19:36,Tablet,"North Cynthiabury, AT",54,Free
1cce1b6d-06f9-4f50-9808-eebf21759135,29270193-be38-49bd-93d9-0ccb1e95b173,S094,Cross-platform coherent orchestration,Mary Owen,2025-01-10 12:33:51,Tablet,"East Donna, SR",49,Free
eef24bf5-98c1-41a0-aa23-af0c8f27752e,31988a4f-b0c8-42c2-8235-0923ce7865e1,S095,Face-to-face static extranet,Marie Brewer,2025-01-03 05:55:41,Tablet,"South Robertland, UG",54,Premium
a871d69e-79ef-4195-8c64-63589c326ee3,624116e7-1eb7-4ed7-94d4-f2fff8be480c,S096,Compatible demand-driven array,Aaron King,2025-01-03 08:14:30,Desktop,"New Melindamouth, IS",43,Free
6c106e86-993c-47bc-8297-4152805fe070,d4d83a2a-dcc0-4e70-9c98-c2ffc43eb9dc,S097,Organized explicit synergy,Cynthia Fields,2025-01-18 18:21:58,Tablet,"East Susanberg, AR",21,Free
f23b3bd6-179b-4407-9f6f-53a020d33940,8ff16bae-4ebd-4980-95f2-77a017a668fa,S098,Implemented neutral open system,William Berry,2025-01-19 07:22:55,Desktop,"Richardston, LK",32,Family
62253f98-b84a-4bc6-a830-45ebf6682692,89902d2c-cab6-4184-a18c-3b99db1e505e,S099,Secured intermediate complexity,Erica Tucker,2025-01-04 00:51:03,Desktop,"Dannyland, US",56,Free
7730e63a-e179-4a7d-9030-c32f304fd6c2,10cf2f38-4446-4d35-a810-2b5a3741eaf0,S100,Distributed actuating knowledgebase,Kristina Johnston,2025-01-14 23:14:58,Desktop,"Port Laurenbury, HR",53,Free
